{
  "project_info": {
    "project_number": "208254663717",
    "project_id": "juice-puzzle",
    "storage_bucket": "juice-puzzle.appspot.com"
  },
  "client": [
    {
      "client_info": {
        "mobilesdk_app_id": "1:208254663717:android:90807f979ad230587113cc",
        "android_client_info": {
          "package_name": "com.jucepuzzle.waterpuzzle.sortit3d"
        }
      },
      "oauth_client": [
        {
          "client_id": "208254663717-6dlgh1bv93ik5ssr0oism4tascsl6il7.apps.googleusercontent.com",
          "client_type": 3
        }
      ],
      "api_key": [
        {
          "current_key": "AIzaSyCzOCc8QJ41k5zL8O6OrQe7a6dfVNJTeCI"
        }
      ],
      "services": {
        "appinvite_service": {
          "other_platform_oauth_client": [
            {
              "client_id": "208254663717-6dlgh1bv93ik5ssr0oism4tascsl6il7.apps.googleusercontent.com",
              "client_type": 3
            },
            {
              "client_id": "208254663717-5elhsvs5pr6vv62l5h6u812hg488hhrh.apps.googleusercontent.com",
              "client_type": 2,
              "ios_info": {
                "bundle_id": "com.jucepuzzle.waterpuzzle.sortit3d",
                "app_store_id": "1548425171"
              }
            }
          ]
        }
      }
    }
  ],
  "configuration_version": "1"
}