{"version":"1.6.0","unity":{"scripts":{"excludes":["**/Editor/","**/Luna/RuntimeScripts/","**/Editor/","**/Luna/RuntimeScripts/","**/FacebookSDK/"],"useMSBuild":true,"msbuildMac64":"/Library/Frameworks/Mono.framework/Versions/Current/bin/msbuild","msbuildWin64":"C:/Program Files (x86)/MSBuild/Current/Bin/MSBuild.exe","msbuildLinux64":"/usr/bin/msbuild","externalJSLibraries":[],"externalSources":["D:\\FacebookInstant\\WaterPuzzle\\Stubs"],"scriptingDefines":[]},"assets":{"export":["all","scenes"],"excludes":["**/Editor/","**/Editor/"],"includes":[]},"scenes":["Assets/Juice/Scene/Game.unity"],"startupScene":0,"packages":{"default":{"applicationName":"","iosLink":"","androidLink":"","orientation":"unspecified","languages":["en","en"]},"ironsource":{"appID":"","assetID":"","applicationGenre":"","versionName":"","apiType":0,"playableMode":0,"packageType":0},"facebook":{"assetID":"","packageType":0},"gpi":{"applicationId":"","versionCode":0,"versionName":""},"tiktok":{"orientation":0},"develop":{"email":"redacted","signature":"redacted"}},"preloader":{"active":true,"icon":"","background":"","title":""},"autoInstantiatePrefabs":true,"removeShadows":false,"minify":true,"compressResources":true,"compressType":0,"eliminateDeadCode":false,"allowSymlinks":true,"roots":["UnityEngine.Physics","UnityEngine.EventSystems.PointerEventData","UnityEngine.UI.GraphicRaycaster","LunaUnity.Objects.Handlers.Base","UnityEngine.UI.RawImage","UnityEngine.UI.Image","UnityEngine.UI.Text","UnityEngine.CanvasGroup","Luna.Unity.Playable","UnityEngine.Time","UnityEngine.LayerMask","UnityEngine.SceneManagement.LoadSceneMode","UnityEngine.LightmapSettings","UnityEngine.EventSystems.IPointerEnterHandler","UnityEngine.EventSystems.IPointerExitHandler","UnityEngine.EventSystems.IPointerDownHandler","UnityEngine.EventSystems.IPointerUpHandler","UnityEngine.EventSystems.IPointerClickHandler","UnityEngine.EventSystems.IScrollHandler","UnityEngine.EventSystems.IBeginDragHandler","UnityEngine.EventSystems.IDragHandler","UnityEngine.EventSystems.IEndDragHandler","UnityEngine.RigidbodyConstraints2D","UnityEngine.RigidbodyType2D","UnityEngine.Collision2D","UnityEngine.Rendering.CompareFunction","Luna.Unity.DTO.UnityEngine.Assets.Shader+ShaderParameterType","UnityEngine.Rendering.CullMode","UnityEngine.Rendering.BlendMode","UnityEngine.Rendering.BlendOp","UnityEngine.TextAsset","UnityEngine.Rendering.StencilOp","TMPro._HorizontalAlignmentOptions","TMPro.TagUnits","UnityEngine.Physics","UnityEngine.EventSystems.PointerEventData","UnityEngine.UI.GraphicRaycaster","LunaUnity.Objects.Handlers.Base","UnityEngine.UI.RawImage","UnityEngine.UI.Image","UnityEngine.UI.Text","UnityEngine.CanvasGroup","Luna.Unity.Playable","UnityEngine.Time","UnityEngine.LayerMask","UnityEngine.SceneManagement.LoadSceneMode","UnityEngine.LightmapSettings","UnityEngine.EventSystems.IPointerEnterHandler","UnityEngine.EventSystems.IPointerExitHandler","UnityEngine.EventSystems.IPointerDownHandler","UnityEngine.EventSystems.IPointerUpHandler","UnityEngine.EventSystems.IPointerClickHandler","UnityEngine.EventSystems.IScrollHandler","UnityEngine.EventSystems.IBeginDragHandler","UnityEngine.EventSystems.IDragHandler","UnityEngine.EventSystems.IEndDragHandler","UnityEngine.RigidbodyConstraints2D","UnityEngine.RigidbodyType2D","UnityEngine.Collision2D","UnityEngine.Rendering.CompareFunction","Luna.Unity.DTO.UnityEngine.Assets.Shader+ShaderParameterType","UnityEngine.Rendering.CullMode","UnityEngine.Rendering.BlendMode","UnityEngine.Rendering.BlendOp","UnityEngine.TextAsset","UnityEngine.Rendering.StencilOp","TMPro._HorizontalAlignmentOptions","TMPro.TagUnits"],"alphabeticalScenesOrder":false,"genericCheck":false,"disableAntiAliasing":false,"excludedModules":[],"stubberDataList":[{"SDKName":"Facebook Unity SDK","Namespace":"Facebook.Unity, FacebookGames","className":"All","buildPlatform":"WebGL","enabled":true}],"stubberData":{"SDKName":"","Namespace":"","className":"","buildPlatform":"","enabled":false},"playerPrefs":true,"applicationPath":"D:/Unity/2019.4.18f1/Editor/Data"},"fonts":{"ttf":["/Library/Fonts/*.ttf","/System/Library/Fonts/**/*.ttf","C:/Windows/Fonts/*.ttf","../Assets/**/*.ttf","/usr/share/fonts/truetype/**/*.ttf"],"fontbmMac64":"tools/fontbm/mac64/fontbm","fontbmWin64":"tools/fontbm/win64/fontbm.exe","fontbmLinux64":"/usr/bin/fontbm"},"textures":{"convertMac64":"tools/imagemagick/mac64/utilities/convert","convertWin64":"tools/imagemagick/win64/convert.exe","convertLinux64":"/usr/bin/convert","pngcrushMac64":"tools/pngcrush/mac64/pngcrush","pngcrushWin64":"tools/pngcrush/win64/pngcrush.exe","pngcrushLinux64":"/usr/bin/pngcrush","pngquantMac64":"tools/pngquant/mac64/pngquant","pngquantWin64":"tools/pngquant/win64/pngquant.exe","pngquantLinux64":"/usr/bin/pngquant","pngquantQuality":"quality=30-100"},"sounds":{"ffmpegMac64":"tools/ffmpeg/mac64/ffmpeg","ffmpegWin64":"tools/ffmpeg/win64/ffmpeg.exe","ffmpegLinux64":"/usr/bin/ffmpeg"},"assets":{"rules":{"texture":{"overrides":[],"default":{"maxWidth":2048,"maxHeight":2048,"format":"default","compression":"none","quality":80,"script":"","ext":""}},"font":{"default":{"data":{"alphabet":" §1234567890-=qwertyuiop[]asdfghjkl;'\\`zxcvbnm,./±!@#$%^&*()_+QWERTYUIOP{}ASDFGHJKL:\"|~ZXCVBNM<>?","size":64,"textureWidth":1024,"textureHeight":1024}},"overrides":[]},"shader":{"default":{"data":{"programs":[],"passes":[],"vp":[],"fp":[]}},"overrides":[]},"sound":{"default":{"channels":0,"bitrate":0,"script":"","ext":""},"overrides":[]},"meshes":{"default":{"halfPrecision":false},"overrides":[]},"animations":{"default":{"halfPrecision":false},"overrides":[]}}},"packageId":"com.util.app.test","pgServer":"EU"}
