{"materials":[{"id":"-1324","assetBundleId":"-2","data":["Default UI Material",0,"30",3000,0,[["_StencilComp",8],["_Stencil",0],["_StencilOp",0],["_StencilWriteMask",255],["_StencilReadMask",255],["_ColorMask",15],["_UseUIAlphaClip",0]],[["_Color",1,1,1,1]],[["_MainTex_ST",1,1,0,0]],[["_MainTex",null,null]],[]]},{"id":"670","assetBundleId":"-2","data":["Default-Skybox",0,"156",1000,0,[["_SunDisk",1],["_SunSize",0.0399999991059303],["_SunSizeConvergence",5],["_AtmosphereThickness",1],["_Exposure",1.29999995231628]],[["_SkyTint",0.5,0.5,0.5,1],["_GroundColor",0.368999987840652,0.349000006914139,0.340999990701675,1]],[],[],[["_SUNDISK_SIMPLE",1]]]},{"id":"416","assetBundleId":"-2","data":["Sprites-Default",0,"28",3000,0,[["PixelSnap",0],["_EnableExternalAlpha",0]],[["_Color",1,1,1,1],["_RendererColor",1,1,1,1]],[["_MainTex_ST",1,1,0,0],["_Flip",1,1,1,1],["_AlphaTex_ST",1,1,0,0]],[["_MainTex",null,null],["_AlphaTex",null,null]],[["ETC1_EXTERNAL_ALPHA",1]]]},{"id":"678","assetBundleId":"-2","data":["Default-ParticleSystem",0,"180",3000,0,[["_Cutoff",0.5],["_BumpScale",1],["_DistortionStrength",1],["_DistortionBlend",0.5],["_SoftParticlesNearFadeDistance",0],["_SoftParticlesFarFadeDistance",1],["_CameraNearFadeDistance",1],["_CameraFarFadeDistance",2],["_Mode",2],["_ColorMode",0],["_FlipbookMode",0],["_LightingEnabled",0],["_DistortionEnabled",0],["_EmissionEnabled",0],["_BlendOp",0],["_SrcBlend",5],["_DstBlend",10],["_ZWrite",0],["_Cull",2],["_SoftParticlesEnabled",0],["_CameraFadingEnabled",0],["_DistortionStrengthScaled",0]],[["_Color",1,1,1,1],["_EmissionColor",0,0,0,1]],[["_MainTex_ST",1,1,0,0],["_BumpMap_ST",1,1,0,0],["_EmissionMap_ST",1,1,0,0],["_SoftParticleFadeParams",0,0,0,0],["_CameraFadeParams",0,1e9999,0,0],["_ColorAddSubDiff",0,0,0,0]],[["_MainTex",27,"676"],["_BumpMap",null,null],["_EmissionMap",null,null]],[["_ALPHABLEND_ON",1]]]}],"shaders":[{"id":"166","assetBundleId":"-2","data":["Legacy Shaders/Particles/Alpha Blended",[[0,[4,null],[0,null],[0,null],[[5,null],[10,null],[0,null]],[[5,null],[10,null],[0,null]],[14,null],[0,null],[0,null],[0,null],[255,null],[255,null],[[0,null],[0,null],[0,null],[8,null]],[[0,null],[0,null],[0,null],[8,null]],[[0,null],[0,null],[0,null],[8,null]],[["IGNOREPROJECTOR","true"],["PREVIEWTYPE","Plane"],["QUEUE","Transparent"],["RENDERTYPE","Transparent"]],[[[],0,1],[["SOFTPARTICLES_ON"],2,3]]]],[["_TintColor",0,0.5,0.5,0.5,0.5,""],["_MainTex",4,0,0,0,0,"white"],["_InvFade",3,1,0.00999999977648258,3,0,""]]]},{"id":"156","assetBundleId":"-2","data":["Skybox/Procedural",[[0,[4,null],[0,null],[0,null],[[1,null],[0,null],[0,null]],[[1,null],[0,null],[0,null]],[15,null],[0,null],[0,null],[0,null],[255,null],[255,null],[[0,null],[0,null],[0,null],[8,null]],[[0,null],[0,null],[0,null],[8,null]],[[0,null],[0,null],[0,null],[8,null]],[["PREVIEWTYPE","Skybox"],["QUEUE","Background"],["RENDERTYPE","Background"]],[[["_SUNDISK_NONE"],4,5],[["_SUNDISK_SIMPLE"],6,7],[["_SUNDISK_HIGH_QUALITY"],8,9]]]],[["_SunDisk",2,2,0,0,0,""],["_SunSize",3,0.0399999991059303,0,1,0,""],["_SunSizeConvergence",3,5,1,10,0,""],["_AtmosphereThickness",3,1,0,5,0,""],["_SkyTint",0,0.5,0.5,0.5,1,""],["_GroundColor",0,0.368999987840652,0.349000006914139,0.340999990701675,1,""],["_Exposure",3,1.29999995231628,0,8,0,""]]]},{"id":"290","assetBundleId":"-2","data":["Mobile/Particles/Alpha Blended",[[0,[4,null],[0,null],[0,null],[[5,null],[10,null],[0,null]],[[5,null],[10,null],[0,null]],[15,null],[0,null],[0,null],[0,null],[255,null],[255,null],[[0,null],[0,null],[0,null],[8,null]],[[0,null],[0,null],[0,null],[8,null]],[[0,null],[0,null],[0,null],[8,null]],[["IGNOREPROJECTOR","true"],["PREVIEWTYPE","Plane"],["QUEUE","Transparent"],["RENDERTYPE","Transparent"]],[[[],10,11]]]],[["_MainTex",4,0,0,0,0,"white"]]]},{"id":"180","assetBundleId":"-2","data":["Particles/Standard Unlit",[[0,[0,null],[0,null],[0,null],[[1,null],[0,null],[0,null]],[[1,null],[0,null],[0,null]],[15,null],[0,null],[0,null],[0,null],[0,null],[0,null],[[0,null],[0,null],[0,null],[0,null]],[[0,null],[0,null],[0,null],[0,null]],[[0,null],[0,null],[0,null],[0,null]],[["LIGHTMODE","ALWAYS"],["GRABPASS","true"],["GRABPASS_TEXTURE_NAME","_GrabTexture"]],[[[],12,12]]],[4,[4,null],[0,"_ZWrite"],[0,"_Cull"],[[0,"_SrcBlend"],[0,"_DstBlend"],[0,"_BlendOp"]],[[0,"_SrcBlend"],[0,"_DstBlend"],[0,"_BlendOp"]],[14,null],[0,null],[0,null],[0,null],[255,null],[255,null],[[0,null],[0,null],[0,null],[8,null]],[[0,null],[0,null],[0,null],[8,null]],[[0,null],[0,null],[0,null],[8,null]],[["IGNOREPROJECTOR","true"],["LIGHTMODE","FORWARDBASE"],["PERFORMANCECHECKS","False"],["PREVIEWTYPE","Plane"],["RENDERTYPE","Opaque"]],[[[],13,14],[["_ALPHABLEND_ON"],13,15],[["SOFTPARTICLES_ON"],16,14],[["SOFTPARTICLES_ON","_ALPHABLEND_ON"],16,15]]]],[["_MainTex",4,0,0,0,0,"white"],["_Color",0,1,1,1,1,""],["_Cutoff",3,0.5,0,1,0,""],["_BumpScale",2,1,0,0,0,""],["_BumpMap",4,0,0,0,0,"bump"],["_EmissionColor",0,0,0,0,1,""],["_EmissionMap",4,0,0,0,0,"white"],["_DistortionStrength",2,1,0,0,0,""],["_DistortionBlend",3,0.5,0,1,0,""],["_SoftParticlesNearFadeDistance",2,0,0,0,0,""],["_SoftParticlesFarFadeDistance",2,1,0,0,0,""],["_CameraNearFadeDistance",2,1,0,0,0,""],["_CameraFarFadeDistance",2,2,0,0,0,""],["_Mode",2,0,0,0,0,""],["_ColorMode",2,0,0,0,0,""],["_FlipbookMode",2,0,0,0,0,""],["_LightingEnabled",2,0,0,0,0,""],["_DistortionEnabled",2,0,0,0,0,""],["_EmissionEnabled",2,0,0,0,0,""],["_BlendOp",2,0,0,0,0,""],["_SrcBlend",2,1,0,0,0,""],["_DstBlend",2,0,0,0,0,""],["_ZWrite",2,1,0,0,0,""],["_Cull",2,2,0,0,0,""],["_SoftParticlesEnabled",2,0,0,0,0,""],["_CameraFadingEnabled",2,0,0,0,0,""],["_SoftParticleFadeParams",1,0,0,0,0,""],["_CameraFadeParams",1,0,0,0,0,""],["_ColorAddSubDiff",1,0,0,0,0,""],["_DistortionStrengthScaled",2,0,0,0,0,""]]]},{"id":"296","assetBundleId":"-2","data":["Unlit/Transparent",[[0,[4,null],[0,null],[2,null],[[5,null],[10,null],[0,null]],[[5,null],[10,null],[0,null]],[15,null],[0,null],[0,null],[0,null],[255,null],[255,null],[[0,null],[0,null],[0,null],[8,null]],[[0,null],[0,null],[0,null],[8,null]],[[0,null],[0,null],[0,null],[8,null]],[["IGNOREPROJECTOR","true"],["QUEUE","Transparent"],["RENDERTYPE","Transparent"]],[[[],17,18]]]],[["_MainTex",4,0,0,0,0,"white"]]]},{"id":"28","assetBundleId":"-2","data":["Sprites/Default",[[0,[4,null],[0,null],[0,null],[[1,null],[10,null],[0,null]],[[1,null],[10,null],[0,null]],[15,null],[0,null],[0,null],[0,null],[255,null],[255,null],[[0,null],[0,null],[0,null],[8,null]],[[0,null],[0,null],[0,null],[8,null]],[[0,null],[0,null],[0,null],[8,null]],[["CANUSESPRITEATLAS","true"],["IGNOREPROJECTOR","true"],["PREVIEWTYPE","Plane"],["QUEUE","Transparent"],["RENDERTYPE","Transparent"]],[[[],19,20],[["PIXELSNAP_ON"],21,20],[["ETC1_EXTERNAL_ALPHA"],19,22],[["ETC1_EXTERNAL_ALPHA","PIXELSNAP_ON"],21,22]]]],[["_MainTex",4,0,0,0,0,"white"],["_Color",0,1,1,1,1,""],["PixelSnap",2,0,0,0,0,""],["_RendererColor",0,1,1,1,1,""],["_Flip",1,1,1,1,1,""],["_AlphaTex",4,0,0,0,0,"white"],["_EnableExternalAlpha",2,0,0,0,0,""]]]},{"id":"30","assetBundleId":"-2","data":["UI/Default",[[0,[0,"unity_GUIZTestMode"],[0,null],[0,null],[[5,null],[10,null],[0,null]],[[5,null],[10,null],[0,null]],[0,"_ColorMask"],[0,null],[0,null],[0,"_Stencil"],[0,"_StencilReadMask"],[0,"_StencilWriteMask"],[[0,"_StencilOp"],[0,null],[0,null],[0,"_StencilComp"]],[[0,null],[0,null],[0,null],[8,null]],[[0,null],[0,null],[0,null],[8,null]],[["CANUSESPRITEATLAS","true"],["IGNOREPROJECTOR","true"],["PREVIEWTYPE","Plane"],["QUEUE","Transparent"],["RENDERTYPE","Transparent"]],[[[],23,24],[["UNITY_UI_ALPHACLIP"],23,25],[["UNITY_UI_CLIP_RECT"],23,26],[["UNITY_UI_ALPHACLIP","UNITY_UI_CLIP_RECT"],23,27]]]],[["_MainTex",4,0,0,0,0,"white"],["_Color",0,1,1,1,1,""],["_StencilComp",2,8,0,0,0,""],["_Stencil",2,0,0,0,0,""],["_StencilOp",2,0,0,0,0,""],["_StencilWriteMask",2,255,0,0,0,""],["_StencilReadMask",2,255,0,0,0,""],["_ColorMask",2,15,0,0,0,""],["_UseUIAlphaClip",2,0,0,0,0,""]]]},{"id":"300","assetBundleId":"-2","data":["Unlit/Texture",[[0,[4,null],[1,null],[2,null],[[1,null],[0,null],[0,null]],[[1,null],[0,null],[0,null]],[15,null],[0,null],[0,null],[0,null],[255,null],[255,null],[[0,null],[0,null],[0,null],[8,null]],[[0,null],[0,null],[0,null],[8,null]],[[0,null],[0,null],[0,null],[8,null]],[["RENDERTYPE","Opaque"]],[[[],17,28]]]],[["_MainTex",4,0,0,0,0,"white"]]]}],"textures":[{"id":"676","type":0,"assetBundleId":"-2","data":["Default-ParticleSystem",64,64,7,1,1,0,4,1,0,1]},{"id":"680","type":0,"assetBundleId":"-2","data":["Default-Checker-Gray",64,64,7,1,1,0,10,0,0,1],"ext":".jpeg"}],"cubemaps":[{"id":"-1156","type":2,"path":"Assets/Juice/Scene/Game.unity/PrefilteredEnvironment.exr","assetBundleId":"-2","data":["UnityBlackCube","-126344",1,0,1,1,1,1,[0,0,0.5,0.25,0.5,0,1,0.25,0,0.25,0.5,0.5,0.5,0.25,1,0.5,0,0.5,0.5,0.75,0.5,0.5,1,0.75]]}],"resources":[{"id":"resources","assetBundleId":"-2","data":[[["unity_builtin_extra",0,"30"],["dotweensettings",1,"13530"],["hudsettings",2,"13514"],["playgroundcredentials",3,"13352"],["replaysettings",4,"13524"],["levels/level_1",53,"13376"],["levels/level_10",53,"13492"],["levels/level_100",53,"13408"],["levels/level_11",53,"13398"],["levels/level_12",53,"13522"],["levels/level_13",53,"13386"],["levels/level_14",53,"13400"],["levels/level_15",53,"13414"],["levels/level_16",53,"13486"],["levels/level_17",53,"13460"],["levels/level_18",53,"13472"],["levels/level_19",53,"13412"],["levels/level_2",53,"13424"],["levels/level_20",53,"13372"],["levels/level_21",53,"13466"],["levels/level_22",53,"13458"],["levels/level_23",53,"13488"],["levels/level_24",53,"13360"],["levels/level_25",53,"13420"],["levels/level_26",53,"13374"],["levels/level_27",53,"13510"],["levels/level_28",53,"13426"],["levels/level_29",53,"13542"],["levels/level_3",53,"13356"],["levels/level_30",53,"13450"],["levels/level_31",53,"13428"],["levels/level_32",53,"13442"],["levels/level_33",53,"13548"],["levels/level_34",53,"13456"],["levels/level_35",53,"13532"],["levels/level_36",53,"13516"],["levels/level_37",53,"13500"],["levels/level_38",53,"13506"],["levels/level_39",53,"13362"],["levels/level_4",53,"13496"],["levels/level_40",53,"13436"],["levels/level_41",53,"13364"],["levels/level_42",53,"13384"],["levels/level_43",53,"13348"],["levels/level_44",53,"13454"],["levels/level_45",53,"13358"],["levels/level_46",53,"13484"],["levels/level_47",53,"13498"],["levels/level_48",53,"13544"],["levels/level_49",53,"13396"],["levels/level_5",53,"13470"],["levels/level_50",53,"13452"],["levels/level_51",53,"13418"],["levels/level_52",53,"13368"],["levels/level_53",53,"13378"],["levels/level_54",53,"13448"],["levels/level_55",53,"13440"],["levels/level_56",53,"13528"],["levels/level_57",53,"13432"],["levels/level_58",53,"13538"],["levels/level_59",53,"13468"],["levels/level_6",53,"13444"],["levels/level_60",53,"13430"],["levels/level_61",53,"13462"],["levels/level_62",53,"13406"],["levels/level_63",53,"13342"],["levels/level_64",53,"13382"],["levels/level_65",53,"13482"],["levels/level_66",53,"13502"],["levels/level_67",53,"13518"],["levels/level_68",53,"13390"],["levels/level_69",53,"13464"],["levels/level_7",53,"13438"],["levels/level_70",53,"13394"],["levels/level_71",53,"13388"],["levels/level_72",53,"13474"],["levels/level_73",53,"13380"],["levels/level_74",53,"13540"],["levels/level_75",53,"13534"],["levels/level_76",53,"13526"],["levels/level_77",53,"13536"],["levels/level_78",53,"13350"],["levels/level_79",53,"13402"],["levels/level_8",53,"13366"],["levels/level_80",53,"13504"],["levels/level_81",53,"13546"],["levels/level_82",53,"13354"],["levels/level_83",53,"13434"],["levels/level_84",53,"13422"],["levels/level_85",53,"13446"],["levels/level_86",53,"13490"],["levels/level_87",53,"13410"],["levels/level_88",53,"13344"],["levels/level_89",53,"13476"],["levels/level_9",53,"13478"],["levels/level_90",53,"13404"],["levels/level_91",53,"13512"],["levels/level_92",53,"13480"],["levels/level_93",53,"13416"],["levels/level_94",53,"13346"],["levels/level_95",53,"13494"],["levels/level_96",53,"13520"],["levels/level_97",53,"13392"],["levels/level_98",53,"13370"],["levels/level_99",53,"13508"],["unity_builtin_extra",0,"28"],["unity_builtin_extra",22,"416"],["unity_builtin_extra",0,"296"],["unity_builtin_extra",27,"680"],["unity_builtin_extra",0,"166"],["unity_builtin_extra",0,"300"],["unity_builtin_extra",0,"290"],["unity_builtin_extra",0,"180"],["unity_builtin_extra",27,"676"],["unity_builtin_extra",22,"678"],["unity_builtin_extra",0,"156"],["unity_builtin_extra",22,"670"]],[]]}],"project-settings":[{"id":"-1","assetBundleId":"-2","data":[[["EventSystem",-1000]],[[0,"Default",0]],[[0,"Default"],[1,"TransparentFX"],[2,"Ignore Raycast"],[4,"Water"],[5,"UI"],[8,"PostProcessing"],[9,"Tube"],[10,"3DUI"],[11,"TubeItem"],[12,"Map"],[13,"Ground"],[14,"Character"],[15,"Banner"],[16,"Wall"],[17,"Deco"],[18,"TubeI2"],[19,"TubeI3"],[20,"FX2"]],[0.0199999995529652,0.333333343267441,1,0.0299999993294477],[0,-9.8100004196167,0,6,0,1,[[0,0,0],[0,0,1],[0,0,2],[0,0,4],[0,0,5],[0,0,8],[0,0,9],[0,0,10],[0,0,11],[0,0,12],[0,0,13],[0,0,14],[0,0,15],[0,0,16],[0,0,17],[0,0,18],[0,0,19],[0,0,20],[0,1,0],[0,1,1],[0,1,2],[0,1,4],[0,1,5],[0,1,8],[0,1,9],[0,1,10],[0,1,11],[0,1,12],[0,1,13],[0,1,14],[0,1,15],[0,1,16],[0,1,17],[0,1,18],[0,1,19],[0,1,20],[0,2,0],[0,2,1],[0,2,2],[0,2,4],[0,2,5],[0,2,8],[0,2,9],[0,2,10],[0,2,11],[0,2,12],[0,2,13],[0,2,14],[0,2,15],[0,2,16],[0,2,17],[0,2,18],[0,2,19],[0,2,20],[0,4,0],[0,4,1],[0,4,2],[0,4,4],[0,4,5],[0,4,8],[0,4,9],[0,4,10],[0,4,11],[0,4,12],[0,4,13],[0,4,14],[0,4,15],[0,4,16],[0,4,17],[0,4,18],[0,4,19],[0,4,20],[0,5,0],[0,5,1],[0,5,2],[0,5,4],[0,5,5],[0,5,8],[0,5,9],[0,5,10],[0,5,11],[0,5,12],[0,5,13],[0,5,14],[0,5,15],[0,5,16],[0,5,17],[0,5,18],[0,5,19],[0,5,20],[0,8,0],[0,8,1],[0,8,2],[0,8,4],[0,8,5],[0,8,8],[0,8,9],[0,8,10],[0,8,11],[0,8,12],[0,8,13],[0,8,14],[0,8,15],[0,8,16],[0,8,17],[0,8,18],[0,8,19],[0,8,20],[0,9,0],[0,9,1],[0,9,2],[0,9,4],[0,9,5],[0,9,8],[0,9,9],[0,9,10],[0,9,11],[0,9,12],[0,9,13],[0,9,14],[0,9,15],[0,9,16],[0,9,17],[0,9,18],[0,9,19],[0,9,20],[0,10,0],[0,10,1],[0,10,2],[0,10,4],[0,10,5],[0,10,8],[0,10,9],[0,10,10],[0,10,11],[0,10,12],[0,10,13],[0,10,14],[0,10,15],[0,10,16],[0,10,17],[0,10,18],[0,10,19],[0,10,20],[0,11,0],[0,11,1],[0,11,2],[0,11,4],[0,11,5],[0,11,8],[0,11,9],[0,11,10],[0,11,11],[0,11,12],[0,11,13],[0,11,14],[0,11,15],[0,11,16],[0,11,17],[0,11,18],[0,11,19],[0,11,20],[0,12,0],[0,12,1],[0,12,2],[0,12,4],[0,12,5],[0,12,8],[0,12,9],[0,12,10],[0,12,11],[0,12,12],[0,12,13],[0,12,14],[0,12,15],[0,12,16],[0,12,17],[0,12,18],[0,12,19],[0,12,20],[0,13,0],[0,13,1],[0,13,2],[0,13,4],[0,13,5],[0,13,8],[0,13,9],[0,13,10],[0,13,11],[0,13,12],[0,13,13],[0,13,14],[0,13,15],[0,13,16],[0,13,17],[0,13,18],[0,13,19],[0,13,20],[0,14,0],[0,14,1],[0,14,2],[0,14,4],[0,14,5],[0,14,8],[0,14,9],[0,14,10],[0,14,11],[0,14,12],[0,14,13],[0,14,14],[0,14,15],[0,14,16],[0,14,17],[0,14,18],[0,14,19],[0,14,20],[0,15,0],[0,15,1],[0,15,2],[0,15,4],[0,15,5],[0,15,8],[0,15,9],[0,15,10],[0,15,11],[0,15,12],[0,15,13],[0,15,14],[0,15,15],[0,15,16],[0,15,17],[0,15,18],[0,15,19],[0,15,20],[0,16,0],[0,16,1],[0,16,2],[0,16,4],[0,16,5],[0,16,8],[0,16,9],[0,16,10],[0,16,11],[0,16,12],[0,16,13],[0,16,14],[0,16,15],[0,16,16],[0,16,17],[0,16,18],[0,16,19],[0,16,20],[0,17,0],[0,17,1],[0,17,2],[0,17,4],[0,17,5],[0,17,8],[0,17,9],[0,17,10],[0,17,11],[0,17,12],[0,17,13],[0,17,14],[0,17,15],[0,17,16],[0,17,17],[0,17,18],[0,17,19],[0,17,20],[0,18,0],[0,18,1],[0,18,2],[0,18,4],[0,18,5],[0,18,8],[0,18,9],[0,18,10],[0,18,11],[0,18,12],[0,18,13],[0,18,14],[0,18,15],[0,18,16],[0,18,17],[0,18,18],[0,18,19],[0,18,20],[0,19,0],[0,19,1],[0,19,2],[0,19,4],[0,19,5],[0,19,8],[0,19,9],[0,19,10],[0,19,11],[0,19,12],[0,19,13],[0,19,14],[0,19,15],[0,19,16],[0,19,17],[0,19,18],[0,19,19],[0,19,20],[0,20,0],[0,20,1],[0,20,2],[0,20,4],[0,20,5],[0,20,8],[0,20,9],[0,20,10],[0,20,11],[0,20,12],[0,20,13],[0,20,14],[0,20,15],[0,20,16],[0,20,17],[0,20,18],[0,20,19],[0,20,20]]],[null,null,0,-9.8100004196167,3,8,1,0.200000002980232,8,0,0,0.5,0.00999999977648258,2,0.00999999977648258,1,1,1,1,0,0,[[0,0,0],[0,0,1],[0,0,2],[0,0,4],[0,0,5],[0,0,8],[0,0,9],[0,0,10],[0,0,11],[0,0,12],[0,0,13],[0,0,14],[0,0,15],[0,0,16],[0,0,17],[0,0,18],[0,0,19],[0,0,20],[0,1,0],[0,1,1],[0,1,2],[0,1,4],[0,1,5],[0,1,8],[0,1,9],[0,1,10],[0,1,11],[0,1,12],[0,1,13],[0,1,14],[0,1,15],[0,1,16],[0,1,17],[0,1,18],[0,1,19],[0,1,20],[0,2,0],[0,2,1],[0,2,2],[0,2,4],[0,2,5],[0,2,8],[0,2,9],[0,2,10],[0,2,11],[0,2,12],[0,2,13],[0,2,14],[0,2,15],[0,2,16],[0,2,17],[0,2,18],[0,2,19],[0,2,20],[0,4,0],[0,4,1],[0,4,2],[0,4,4],[0,4,5],[0,4,8],[0,4,9],[0,4,10],[0,4,11],[0,4,12],[0,4,13],[0,4,14],[0,4,15],[0,4,16],[0,4,17],[0,4,18],[0,4,19],[0,4,20],[0,5,0],[0,5,1],[0,5,2],[0,5,4],[0,5,5],[0,5,8],[0,5,9],[0,5,10],[0,5,11],[0,5,12],[0,5,13],[0,5,14],[0,5,15],[0,5,16],[0,5,17],[0,5,18],[0,5,19],[0,5,20],[0,8,0],[0,8,1],[0,8,2],[0,8,4],[0,8,5],[0,8,8],[0,8,9],[0,8,10],[0,8,11],[0,8,12],[0,8,13],[0,8,14],[0,8,15],[0,8,16],[0,8,17],[0,8,18],[0,8,19],[0,8,20],[0,9,0],[0,9,1],[0,9,2],[0,9,4],[0,9,5],[0,9,8],[0,9,9],[0,9,10],[0,9,11],[0,9,12],[0,9,13],[0,9,14],[0,9,15],[0,9,16],[0,9,17],[0,9,18],[0,9,19],[0,9,20],[0,10,0],[0,10,1],[0,10,2],[0,10,4],[0,10,5],[0,10,8],[0,10,9],[0,10,10],[0,10,11],[0,10,12],[0,10,13],[0,10,14],[0,10,15],[0,10,16],[0,10,17],[0,10,18],[0,10,19],[0,10,20],[0,11,0],[0,11,1],[0,11,2],[0,11,4],[0,11,5],[0,11,8],[0,11,9],[0,11,10],[0,11,11],[0,11,12],[0,11,13],[0,11,14],[0,11,15],[0,11,16],[0,11,17],[0,11,18],[0,11,19],[0,11,20],[0,12,0],[0,12,1],[0,12,2],[0,12,4],[0,12,5],[0,12,8],[0,12,9],[0,12,10],[0,12,11],[0,12,12],[0,12,13],[0,12,14],[0,12,15],[0,12,16],[0,12,17],[0,12,18],[0,12,19],[0,12,20],[0,13,0],[0,13,1],[0,13,2],[0,13,4],[0,13,5],[0,13,8],[0,13,9],[0,13,10],[0,13,11],[0,13,12],[0,13,13],[0,13,14],[0,13,15],[0,13,16],[0,13,17],[0,13,18],[0,13,19],[0,13,20],[0,14,0],[0,14,1],[0,14,2],[0,14,4],[0,14,5],[0,14,8],[0,14,9],[0,14,10],[0,14,11],[0,14,12],[0,14,13],[0,14,14],[0,14,15],[0,14,16],[0,14,17],[0,14,18],[0,14,19],[0,14,20],[0,15,0],[0,15,1],[0,15,2],[0,15,4],[0,15,5],[0,15,8],[0,15,9],[0,15,10],[0,15,11],[0,15,12],[0,15,13],[0,15,14],[0,15,15],[0,15,16],[0,15,17],[0,15,18],[0,15,19],[0,15,20],[0,16,0],[0,16,1],[0,16,2],[0,16,4],[0,16,5],[0,16,8],[0,16,9],[0,16,10],[0,16,11],[0,16,12],[0,16,13],[0,16,14],[0,16,15],[0,16,16],[0,16,17],[0,16,18],[0,16,19],[0,16,20],[0,17,0],[0,17,1],[0,17,2],[0,17,4],[0,17,5],[0,17,8],[0,17,9],[0,17,10],[0,17,11],[0,17,12],[0,17,13],[0,17,14],[0,17,15],[0,17,16],[0,17,17],[0,17,18],[0,17,19],[0,17,20],[0,18,0],[0,18,1],[0,18,2],[0,18,4],[0,18,5],[0,18,8],[0,18,9],[0,18,10],[0,18,11],[0,18,12],[0,18,13],[0,18,14],[0,18,15],[0,18,16],[0,18,17],[0,18,18],[0,18,19],[0,18,20],[0,19,0],[0,19,1],[0,19,2],[0,19,4],[0,19,5],[0,19,8],[0,19,9],[0,19,10],[0,19,11],[0,19,12],[0,19,13],[0,19,14],[0,19,15],[0,19,16],[0,19,17],[0,19,18],[0,19,19],[0,19,20],[0,20,0],[0,20,1],[0,20,2],[0,20,4],[0,20,5],[0,20,8],[0,20,9],[0,20,10],[0,20,11],[0,20,12],[0,20,13],[0,20,14],[0,20,15],[0,20,16],[0,20,17],[0,20,18],[0,20,19],[0,20,20]]],0,1,0,1,0]}]}